Id,ORGANIZATION,NAME,GENDER,SPECIALITY,ADDRESS,CITY,STATE,ZIP,LAT,LON,UTILIZATION
dc831f98-80cb-393c-9a7d-3f6b191191aa,8da4b26f-9f34-3540-bb61-345286bc82f3,Gerardo48 Rentería94,M,GENERAL PRACTICE,2400 EAST 4TH ST,NATIONAL CITY,CA,91950,32.665862,-117.097361,356
b7d92a08-c04a-3f56-9ebb-c653abbbe36f,23e9ce6e-0c86-3292-957b-8e33bfcaebd9,Vicente970 Kilback373,M,GENERAL PRACTICE,200 WEST ARBOR DRIVE,SAN DIEGO,CA,92103,32.8153,-117.134993,9
f9ce07cd-24ba-3e00-8024-1957c8c18b51,589502e3-db49-31f2-a69e-b1d5813a447e,María Soledad68 Sánchez310,F,GENERAL PRACTICE,5555 GROSSMONT CENTER DRIVE BOX 58,LA MESA,CA,91942,32.769495,-117.021923,99
2a6770c6-9073-354e-b107-528170be3880,1959ed2b-125f-3367-b17f-35c0a9fb1d3c,Leslie90 Crona259,F,GENERAL PRACTICE,2767 OLIVE HIGHWAY,OROVILLE,CA,95966,39.50301500000001,-121.566473,166
74dba8cf-630e-3e7c-9882-57a91da4d2ab,0ec62ab3-0f56-3610-bec9-173dff179f60,Stefania815 Leffler128,F,GENERAL PRACTICE,1531 ESPLANADE,CHICO,CA,95926,39.769492,-121.92933700000002,23
1eb679d2-02db-3654-a2ea-df1c74871e47,90d24d77-5b76-333c-ae6b-232031d08d25,Berry486 Borer986,M,GENERAL PRACTICE,1420 S CENTRAL AVE,GLENDALE,CA,91204,34.181393,-118.24583,81
fee5ca6a-db17-3915-a84e-4f2bb1eced45,569679a4-a8d9-39cf-8f93-35653d50dfed,Reynaldo722 Ebert178,M,GENERAL PRACTICE,1425 S MAIN STREET,WALNUT CREEK,CA,94596,37.902666,-122.040479,30
4e9c1ff6-9df3-315a-a918-459884b97ec8,7e32d373-72e2-3b28-abf5-663621aca068,Elinore878 Mosciski958,F,GENERAL PRACTICE,1303 E HERNDON AVE,FRESNO,CA,93710,36.782674,-119.794492,10
974aeabe-a4b2-3343-a157-1b9b1dd91982,2deeb7c4-7750-3077-ad6e-5bbbb8efb261,Reinaldo138 Zieme486,M,GENERAL PRACTICE,1812 VERDUGO BLVD,GLENDALE,CA,91209,34.181393,-118.24583,19
fc55e9cd-37cc-366c-b96a-430702fcb58a,3478468a-d2e3-301f-8ce6-068044353fb0,Heriberto162 Smitham825,M,GENERAL PRACTICE,4002 VISTA WAY,OCEANSIDE,CA,92056,33.164261,-117.169992,91
92c20475-20b8-38d5-83db-2085a371c0e8,7dbe8a71-ceef-3e3e-b99e-fc3d1b5921a1,Betsey110 Kemmer137,F,GENERAL PRACTICE,6245 DE LONGPRE AVE,HOLLYWOOD,CA,90028,34.088267,-118.37183,7
6daca449-256d-359d-9475-4526234326cf,2486b094-3310-3bfa-98d9-0ba6437782c5,Samuel331 Girón243,M,GENERAL PRACTICE,9961 SIERRA AVE,FONTANA,CA,92335,34.108793,-117.462685,8
2195f4f6-e109-331b-8bd7-41e93274c7f1,44775a1f-e761-3ec7-aa7d-45d55684a9e5,Normand813 Schultz619,M,GENERAL PRACTICE,1601 YGNACIO VALLEY RD,WALNUT CREEK,CA,94598,37.902666,-122.040479,99
1f41ac45-39a5-3440-90ea-94c19c93db07,259371f6-1d98-3729-8003-f6ca1c5724c5,Blanca837 Rivero165,F,GENERAL PRACTICE,300 CANAL STREET,KING CITY,CA,93930,36.208771,-121.152411,70
e05b549c-5968-30b2-bde1-9d1d2eaa3df8,cfcb347c-b215-35cc-b9b1-02381b5c4ee4,Boris111 Lynch190,M,GENERAL PRACTICE,1050 LINDEN AVE,LONG BEACH,CA,90813,33.809102,-118.155327,1
248a7d2c-647c-34e9-885e-795ac6954892,57f46fca-04bd-3d5b-88cc-338d80731cd2,Dillon740 Goyette777,M,GENERAL PRACTICE,150 WEST ROUTE 66,GLENDORA,CA,91740,34.145433000000004,-117.846961,1
85c3509a-e174-348c-b538-b9ae345421ee,fe96464c-8f14-3dfb-be97-1163c69cb2cb,Basil991 Bahringer146,M,GENERAL PRACTICE,751 MEDICAL CENTER COURT,CHULA VISTA,CA,91911,32.62767,-117.01517,177
580e4066-ee10-375e-a951-074043045289,6b4e2d68-92fd-3716-8d42-af98aa519894,Jaime666 Rosado690,M,GENERAL PRACTICE,1111 W LA PALMA AVENUE,ANAHEIM,CA,92801,33.855497,-117.760071,78
179fdb4a-176d-3fd4-aa1e-a5a43611426a,017ea04b-09f8-3041-a750-47a3738c1575,Pilar644 Arevalo970,F,GENERAL PRACTICE,250 PROSPECT PLACE,CORONADO,CA,92118,32.657202000000005,-117.15613700000002,101
4be4803c-8e29-3881-aee9-6fed803a6a1c,d1ae4816-4832-3c80-bc2c-04b0f7e2551a,Lisandra920 Bauch723,F,GENERAL PRACTICE,501 SOUTH BUENA VISTA,BURBANK,CA,91505,34.188986,-118.324866,25
45774300-735e-3a60-b394-58d3192eaadc,b300b03d-801a-3e7b-a5d0-acf22a38da3f,Kim439 Huels583,M,GENERAL PRACTICE,1509 E WILSON TERRACE,GLENDALE,CA,91206,34.181393,-118.24583,55
0935884a-cfa3-3144-9324-169f60066750,deb17ef6-d39c-3281-a2ea-bfac6613cd21,Avery919 VonRueden376,F,GENERAL PRACTICE,1150 NORTH INDIAN CANYON DRIVE,PALM SPRINGS,CA,92262,33.800898,-116.537993,86
e2bb84c9-6090-3917-8ec6-2e72bb5a1c79,ba695199-e528-3bcd-9233-ed01baa1af39,Micha632 Beahan375,F,GENERAL PRACTICE,400 NORTH PEPPER AVENUE,COLTON,CA,92324,34.05455300000001,-117.325031,20
2c820f78-cbf6-3942-8ec8-bf15f076189c,47905ca4-759d-3d3c-8a24-124df79772a9,Amalia471 Reynoso837,F,GENERAL PRACTICE,2500 ALHAMBRA AVENUE,MARTINEZ,CA,94553,37.999635,-122.113903,101
23cb2026-a855-3cbf-a84f-06a6ea915c5d,83b53cf0-a3e7-3485-912c-1a494b2f6a83,Jack927 Kshlerin58,M,GENERAL PRACTICE,6601 WHITE FEATHER ROAD,JOSHUA TREE,CA,92252,34.122471000000004,-116.313663,138
7e8ebc50-4cca-3567-b2b0-67c961dda0c3,83997944-73a8-36bc-8f53-811a03e7674e,Mose244 Batz141,M,GENERAL PRACTICE,1900 SULLIVAN AVENUE,DALY CITY,CA,94015,37.700941,-122.464978,679
18613222-eee8-3d80-8640-2553eed3988b,cb5e7d59-393b-37e6-84a7-3aaac1a352c6,Stanley702 Pollich983,M,GENERAL PRACTICE,26520 CACTUS AVENUE,MORENO VALLEY,CA,92555,33.923253,-117.205685,130
20355b62-8092-3818-9424-c19b3207b5da,913cee5c-e169-304c-a3ce-51b9e3f52bf0,Rafael239 Olivárez848,M,GENERAL PRACTICE,911 SUNSET DRIVE,HOLLISTER,CA,95023,36.85644600000001,-121.398158,203
30391e3e-d1cc-38aa-9fb7-4a2f4edbc527,d661d99d-136f-3863-914d-91f41017e106,Angel97 Jerde200,M,GENERAL PRACTICE,2450 ASHBY AVENUE,BERKELEY,CA,94705,37.866702,-122.299066,12
1ae11e39-9ec2-3fee-800b-c83c6af76b74,d29567c4-5224-3325-be62-07b023084033,Babette571 Frami345,F,GENERAL PRACTICE,2500 GRANT ROAD,MOUNTAIN VIEW,CA,94040,37.399364,-122.079517,26
8b809876-c2e0-3e0d-853c-114e5a81f9f7,499e73ac-552f-34f4-99a1-cb1b0d1aea9f,Florinda19 Harris789,F,GENERAL PRACTICE,101 CITY DRIVE SOUTH,ORANGE,CA,92868,33.804843,-117.824876,2
bcd8e3aa-053e-339a-9815-2051957b08a6,0cc97580-e934-3e94-bd0a-bd81c5a7173d,Mohammad578 Mohr916,M,GENERAL PRACTICE,250 BON AIR ROAD  PO BOX 8010,GREENBRAE,CA,94904,38.012036,-122.587605,39
5f5c67e7-f1ed-3076-92c3-6e825b32208a,45c81ed3-9116-3de2-bd7d-185f6af66153,Brant303 Reichel38,M,GENERAL PRACTICE,1200 B  GALE WILSON BLVD,FAIRFIELD,CA,94533,38.256757,-122.039719,2
c0b3dbe8-7e50-3a72-a22b-8f7672576239,d62b3878-3586-329c-b476-bd482a67151e,Jacquline932 Windler79,F,GENERAL PRACTICE,1000 W CARSON ST,TORRANCE,CA,90502,33.83045300000001,-118.356618,87
48fcbc85-4ddc-3155-9165-3ca8bfba8d26,dcaaeab6-3abc-3cfb-8d8d-5bc4dc458575,Gudrun69 Hirthe744,F,GENERAL PRACTICE,100 W  CALIFORNIA BLVD,PASADENA,CA,91109,34.160592,-118.139593,3
a5f3a177-dd2c-3500-a25a-0259149a5368,371a4974-172f-31fe-bbd5-10dcdca2c5e3,Layla49 Zemlak964,F,GENERAL PRACTICE,300 PASTEUR DRIVE,STANFORD,CA,94305,37.42596500000001,-122.167218,95
8e25f7c1-1b9d-3717-8ad5-ac1a3f669c46,6027adbf-7f9d-3a90-bba4-e90c240ea21d,Eloy929 Abshire638,M,GENERAL PRACTICE,4647 ZION AVE,SAN DIEGO,CA,92120,32.8153,-117.134993,6
a25bb03e-4e30-3bc1-b40b-0d394538006b,77dce90b-d6d4-3bdb-8433-47f1122b924f,Enrique929 Fahey393,M,GENERAL PRACTICE,47111 MONROE STREET,INDIO,CA,92201,33.729928,-116.235996,35
37cb0f44-4b75-365a-aa6a-d71121fbc73f,29185508-1dea-3a0d-b29b-7d7b26a4a8b7,Richard937 Homenick806,M,GENERAL PRACTICE,7901 WALKER STREET,LA PALMA,CA,90623,33.850504,-118.039892,201
da982c4a-107d-36d0-8bdd-b2e2c7f595cf,f6926f28-0a93-38e0-9a92-b6b9ec79a2d9,Cameron381 Hickle134,M,GENERAL PRACTICE,1301 N ROSE DRIVE,PLACENTIA,CA,92870,33.881158,-117.854783,43
ace7902f-2901-3140-872f-e7fc6221ac62,bb3a8a84-383f-33dc-958b-abb366b8137f,Talitha643 Breitenberg711,F,GENERAL PRACTICE,250 S GRAND AVE,GLENDORA,CA,91740,34.145433000000004,-117.846961,15
276b6f96-dc71-3d20-9f91-985f3144703e,430cb046-10f4-3d66-a352-34764dc4c484,Minh326 Stanton715,F,GENERAL PRACTICE,24451 HEALTH CENTER DRIVE,LAGUNA HILLS,CA,92653,33.591522999999995,-117.699407,11
43796853-77fc-3a04-bb6e-3e885ab31cc9,e5a57b86-a33b-362e-b078-57d9e8431d39,Lakia502 Wyman904,F,GENERAL PRACTICE,3440 E LA PALMA AVE,ANAHEIM,CA,92806,33.855497,-117.760071,28
0d8e4720-2205-39be-a031-94a0010fd1f6,7b6f0fbc-5964-32c4-9037-a588c25e27ee,Lessie363 Schaefer657,F,GENERAL PRACTICE,28400 MCCALL B0ULEVARD,SUN CITY,CA,92585,38.248334,-122.010066,20
465d3fa8-fb5a-3547-a168-07e6240ef948,70da8cdb-472d-3fff-b72f-9afc922c2f71,Aretha897 Braun514,F,GENERAL PRACTICE,9400 NO NAME UNO,GILROY,CA,95020,37.006407,-121.585321,15
7bc1dd76-1321-332c-a1a4-aecd34ea2b81,a346071d-8841-3ddb-8505-f560f614c83f,Cinthia596 Emard19,F,GENERAL PRACTICE,25500 MEDICAL CENTER DRIVE,MURRIETA,CA,92562,33.535723,-117.109392,11
449f0938-edff-3756-b2f5-1ccf2c6e25e0,f9c9ee24-acd1-3164-90ab-b7c58c794de1,Janna498 Donnelly343,F,GENERAL PRACTICE,7300 NORTH FRESNO ST,FRESNO,CA,93720,36.782674,-119.794492,104
73f2c225-07d6-3ff1-89ec-684a90fb4c68,f74360c9-08b7-3faa-a7d7-4dc7833f7963,Annika454 Gerhold939,F,GENERAL PRACTICE,1011 BALDWIN PARK BLVD,BALDWIN PARK,CA,91706,34.082824,-117.971286,36
763ef1ad-ec80-3ecb-93ed-711e39bf67bc,a8a61745-4519-3d89-9e8d-0f5ecbac15bd,Sid118 Christiansen251,M,GENERAL PRACTICE,1720 TERMINO AVENUE,LONG BEACH,CA,90804,33.809102,-118.155327,8
0d8eb128-da53-37ea-8364-69165c8ead63,3e3051af-99f0-383a-ae81-6e4b232d4224,Herta650 Robel940,F,GENERAL PRACTICE,9080 COLIMA RD,WHITTIER,CA,90605,33.966827,-118.020122,87
0e3826c3-082b-3a17-964e-4bf5dcfc5fcb,30d7ea85-ed76-3c43-907b-48a126a4be93,Molly175 Jast432,F,GENERAL PRACTICE,1001 NORTH TUSTIN AVENUE,SANTA ANA,CA,92705,33.736478000000005,-117.882593,10
ed82af74-c21a-3998-a1e6-7558676f4bb2,d10d4605-60c9-3178-9100-67388f8e1f2a,Minta575 Gutmann970,F,GENERAL PRACTICE,2701 S BRISTOL ST,SANTA ANA,CA,92704,33.736478000000005,-117.882593,6
caab8b8a-3831-3064-ab0e-c6c57e988a9a,0d9c37ae-7295-3530-a9b5-9ee2c4e6ffdd,Damien170 Russel238,M,GENERAL PRACTICE,18321 CLARK STREET,TARZANA,CA,91356,34.404876,-118.504701,103
1438405a-29a6-3ab5-a840-1abbcb329e55,49128c28-1f4e-3c99-8a5e-f6a0d3e099b9,Willy639 Connelly992,M,GENERAL PRACTICE,27300 IRIS AVENUE,MORENO VALLEY,CA,92555,33.923253,-117.205685,2
7695093d-0576-302c-86fd-10ece5551c87,cc2b2a27-3804-3f48-b56b-0ff9f0eee3bd,Sigrid676 Bednar518,F,GENERAL PRACTICE,14662 NEWPORT AVE,TUSTIN,CA,92780,33.73085,-117.810735,10
66849c27-ab39-34ac-b8c0-1b7bca1db230,08019765-8771-3e18-9e4e-53b710efa85d,Kirstin394 Hettinger594,F,GENERAL PRACTICE,150 PIONEER LANE,BISHOP,CA,93514,37.362768,-118.475046,119
855cb524-3b3a-300f-add5-9f25f6a49742,9f89538b-ba0b-312c-9e80-8c72ba5c1c33,Neal874 Harvey63,M,GENERAL PRACTICE,2050 VIBORG RD,SOLVANG,CA,93463,34.593758,-120.13968,3
7620c7c0-3f22-3cec-a5d1-213e3bda42f5,1df67bf9-40d6-3761-b6e5-dfada4542d7f,Carmine137 Hirthe744,M,GENERAL PRACTICE,3020 CHILDRENS WAY,SAN DIEGO,CA,92123,32.8153,-117.134993,122
7d912a9b-8b11-35f2-875d-edf9fda16915,bba71e0f-7384-3c24-9625-7f798737ea6a,Charlotte28 Davis923,F,GENERAL PRACTICE,1131 E MAIN ST,TUSTING,CA,92780-4400,33.73085,-117.810735,23
3e4b2c51-523a-34ba-aca5-5c53cab6cba9,eca32203-0f10-3dfd-810d-37133636b4e3,Anna632 Murphy561,F,GENERAL PRACTICE,520 N MAIN ST,SANTA ANA,CA,92701-4623,33.736478000000005,-117.882593,28
59dab39e-4260-3f1c-af78-ab40366e7176,d1be3b5f-422e-3b29-86fd-480a1beaab82,Julio255 Rentería94,M,GENERAL PRACTICE,101 VISITACION AVE,BRISBANE,CA,94005-1560,37.67575,-122.383302,115
3399c64b-bf63-3850-aaa3-7376279fcad5,ac567841-f05a-32cf-84ea-d865a27da7b0,Marquis364 Marquardt819,M,GENERAL PRACTICE,388 COLUSA AVE,KENSINGTON,CA,94707-1209,37.910304,-122.282746,37
582b4220-2514-3e04-b937-c767260877b5,1288dbe7-b2c2-3637-9ff1-4287c245974a,Ema785 Wilderman619,F,GENERAL PRACTICE,180 OTAY LAKES RD,BONITA,CA,91902-2400,32.673217,-117.006101,64
c39b9981-af34-322f-931e-318d80a06d7a,de31481e-1caf-38f1-a69e-223f776e5e66,Ivory697 Maggio310,F,GENERAL PRACTICE,27420 TOURNEY RD,VALENCIA,CA,91355-5636,34.404876,-118.504701,39
610b1f0f-5798-3385-98e1-98b8c682e56c,5b512d0d-47e9-3dfe-abb2-9111394b14dd,Reiko946 Harris789,F,GENERAL PRACTICE,9730 WILSHIRE BLVD,BEVERLY HILLS,CA,90212-2004,34.079229999999995,-118.402437,14
a8139601-4c6f-303b-bda9-98c7c145f1e3,459503b9-aacb-3c90-bc37-bdb5dc915d99,Ludivina884 Wiegand701,F,GENERAL PRACTICE,97 BRIGHTON AVE,BOLINAS,CA,94924-0100,37.897859000000004,-122.709019,35
a961b6ac-8283-3baf-96ba-9684ccfc07f7,a7bfa895-db5c-3e5d-ab00-fe65b0e81b05,Louella862 Armstrong51,F,GENERAL PRACTICE,7946 IVANHOE AVE,LA JOLLA,CA,92037-4516,32.8153,-117.134993,37
611edf29-bed3-302b-a289-4f8c5c1af8cb,7dd6602c-0884-3505-b972-c627b62b737a,Scott935 Reynolds644,M,GENERAL PRACTICE,12260 PALM DR,DESERT HOT SPRINGS,CA,92240-3908,33.930867,-116.508045,61
e65a8d81-26da-3a58-8de3-a9cbed995a04,32001e86-261a-3dab-b045-56544daed86c,Hassan290 Bashirian201,M,GENERAL PRACTICE,931 BUENA VISTA ST,DUARTE,CA,91010-1713,34.160911,-117.950528,32
f663e896-5910-3b27-a135-ebad4c58cb79,f7101ee7-56cc-356d-ba31-406635a8e221,Sanford861 Klein929,M,GENERAL PRACTICE,561 N ALTA AVE,DINUBA,CA,93618-3200,36.496744,-119.436431,4
afa5fb71-f488-3786-9ec7-e76118590fa9,75970b02-bae1-3ca8-8949-efeb7393d563,Zoe32 Ledner144,F,GENERAL PRACTICE,14154 SKYWAY,MAGALIA,CA,95954-9471,39.81928,-121.607752,91
558b9448-2bda-35aa-ba5f-59ff79551c09,1a924aeb-a7ad-3aaf-9987-e2f1223500f0,Bernardina456 Hamill307,F,GENERAL PRACTICE,549 ORANGE AVE,CORONADO,CA,92118-1826,32.657202000000005,-117.15613700000002,33
d9647dd9-2d47-35ed-87b5-80878367ec45,162ff135-55a7-3551-8755-1b40a426dd79,Hae300 Schmidt332,F,GENERAL PRACTICE,1187 UNIVERSITY DR,MENLO PARK,CA,94025-4423,37.479735999999995,-122.14809699999999,27
76372ca6-8612-3b17-b62d-780621c3d22f,f390f9b8-e7df-3baa-9859-33e98139ebf6,Dewayne363 Quigley282,M,GENERAL PRACTICE,3465 TORRANCE BLVD,TORRANCE,CA,90503-5804,33.830453000000006,-118.356618,71
82c9ae3d-10ad-38c5-a286-5d5438da1928,dc9b118e-3efc-3793-8386-3053fddc64f8,Caprice565 Douglas31,F,GENERAL PRACTICE,1500 GLENOAKS BLVD,SAN FERNANDO,CA,91340-1780,34.288652,-118.436241,13
f7d6d9bf-4109-388a-8fc2-5eec54cf0917,205bc433-4c39-3cde-a4a3-2f56ce4a1a2e,Agnes294 Bergstrom287,F,GENERAL PRACTICE,1850 SULLIVAN AVE,DALY CITY,CA,94015-2204,37.700941,-122.464978,47
c60720cf-8283-3357-b266-a0d31b037bb9,81c17572-f1e9-33ed-be36-977b4c3da39e,Devona405 Durgan499,F,GENERAL PRACTICE,258 SUNSET AVE,SUISUN CITY,CA,94585-1769,38.248334,-122.010066,25
eb80ee52-288b-3d34-85a5-9a59bdfd521b,7958c284-0448-31d2-a407-2eb65f7f8cb2,Zena758 Becker968,F,GENERAL PRACTICE,24331 EL TORO RD,LAGUNA WOODS,CA,92637-3116,33.608002,-117.72986000000002,25
5f1460d5-32ac-3c1f-bca5-1a74314d2f08,7f79546c-203a-3a09-82fb-ca97c13aa49c,Isabel214 Cisneros174,F,GENERAL PRACTICE,970 DEWING AVE,LAFAYETTE,CA,94549-4278,37.891003999999995,-122.119529,78
a7012002-2dde-36c4-8fc3-e468478b21c3,dfead78d-74fd-3a08-809c-d5294a24f8af,Kendra609 Daniel959,F,GENERAL PRACTICE,374 H ST,CHULA VISTA,CA,91910-5547,32.62767,-117.01517,54
988bf951-ff21-3d56-9c0c-d1a2994373b4,d160807d-6d11-3e6d-8744-ea0fd4306766,Laura391 Alcántar600,F,GENERAL PRACTICE,8382 ARTESIA BLVD,BUENA PARK,CA,90621-4186,33.856761,-118.004622,73
b52f04a5-f2c3-3287-8776-35ab73cccc00,ace4ab98-63f2-346c-9046-95fde39e5e29,Dolores502 Aguirre875,F,GENERAL PRACTICE,3180 COLIMA RD A,HACIENDA HEIGHTS,CA,91745-6315,33.995853000000004,-117.973023,31
dec32f4a-0158-331f-bcae-10e85939e73d,a2383e30-b83d-3933-a224-870dd23f07cf,Magan944 Maggio310,F,GENERAL PRACTICE,5256 S MISSION RD,BONSALL,CA,92003-3623,33.272244,-117.191032,42
d86e36ea-b8ed-3c3c-9e8a-3145ede560c1,a9ecb221-2fe5-3f56-91ed-dd058e2041e8,Alessandra932 Nolan344,F,GENERAL PRACTICE,12260 PALM DR,DESERT HOT SPRINGS,CA,92240-3908,33.930867,-116.508045,24
df9ac592-4269-3511-bda4-dff4c350de97,dcd03602-09da-3afb-aad2-164ff3d6b8c2,Phil587 Dibbert990,M,GENERAL PRACTICE,1780 E HIGHLAND AVE,SAN BERNARDINO,CA,92404-4618,34.095126,-117.31928799999999,42
28ea25cb-3ee4-32de-9b5b-48d58ed6c163,4f1f4c94-5946-3fb0-a136-0dd3fcb6ee51,Timothy142 Streich926,M,GENERAL PRACTICE,5083 ARLINGTON AVE,RIVERSIDE,CA,92504-2638,33.937109,-117.324964,43
62bc0f5b-3f74-3362-82ff-f990f58fa7c0,1b36332b-4cf2-3c78-b558-39cbc5b9d332,Cristian531 Baca589,M,GENERAL PRACTICE,7103 BROADWAY,LEMON GROVE,CA,91945-1436,32.733076000000004,-117.034406,94
2f506330-5b8d-3de5-9245-6b2165086a87,3d2cae71-5da9-3eb8-b8f5-df571ee0ca01,Stephen891 Tillman293,M,GENERAL PRACTICE,58471 29 PALMS HWY 202,YUCCA VALLEY,CA,92284-5818,34.123089,-116.421481,39
31fac747-178d-35b5-a9c2-e2059e43713f,25dff5b2-6b8e-3ec5-81a6-654ea66a46c6,Jeffry142 Nikolaus26,M,GENERAL PRACTICE,18066 FOOTHILL BLVD,FONTANA,CA,92335-8503,34.108793,-117.46268500000001,20
fe876c17-1085-3ec8-8498-874cc34e02a5,aa15facc-666d-39e1-b3e9-ebdc2d37f435,Luanna919 Roob72,F,GENERAL PRACTICE,415 W CARROLL AVE,GLENDORA,CA,91741-4208,34.145433000000004,-117.84696100000001,27
72efafba-e86a-3464-8ddf-70e97b59b399,6c507274-ce71-33ae-b8cb-32f487f0c111,Michale231 Nikolaus26,M,GENERAL PRACTICE,1525 N PLACENTIA AVE,PLACENTIA,CA,92870-2334,33.881158,-117.85478300000001,46
f13164d1-5523-3f56-9d49-12e6d4cb01dd,1f41ae1d-ad44-38de-aa89-db296be5245d,Shirley182 Hahn503,M,GENERAL PRACTICE,3615 SAGUNTO ST,SANTA YNEZ,CA,93460-9577,34.619076,-120.093923,14
c23fc3bd-4674-3065-8dc4-19559602208b,5b2c406a-ea00-34ff-95e9-998158abf7e9,Josue598 Schultz619,M,GENERAL PRACTICE,4002 RAAP AVE,MARTINEZ,CA,94553-3832,37.999635,-122.11390300000001,65
1291d6c2-421f-3f25-be94-b02fff534036,c04e1ad7-d221-3fbc-8df6-d2be575be771,Gaynell126 Dare640,F,GENERAL PRACTICE,2512 MONTROSE AVE,MONTROSE,CA,91020-2242,34.233016,-118.235774,58
ed707ebe-99d4-34db-8997-799ec8c0cb9c,fe9e3047-6739-3ef3-84cc-f44607380a4b,Mayte822 Arriaga291,F,GENERAL PRACTICE,800 S CENTRAL AVE,GLENDALE,CA,91204-4388,34.181393,-118.24583,63
9b78ed6f-b521-3dd9-87b8-7c3e04e373ed,e23dda71-b255-31ec-828f-02a64930c1e0,Eloisa55 Zamora648,F,GENERAL PRACTICE,41120 WASHINGTON ST,BERMUDA DUNES,CA,92203-9596,33.7435,-116.287332,116
21513aa8-8af4-39e4-b4da-ba7cbbef71f5,b1b5d282-8c7b-330c-8d8d-8549cdc7ab46,Bennie663 Wilderman619,M,GENERAL PRACTICE,644 W LINE ST,BISHOP,CA,93514-3315,37.331579999999995,-118.40990500000001,73
f4593a8c-40fe-3f20-801b-45e8a5b5b0cf,cb796758-4b93-3798-96a1-d6cba8b6eb00,Francisco472 Castañeda925,M,GENERAL PRACTICE,808 OAK AVE,GREENFIELD,CA,93927-5648,36.351864,-121.242535,30
ad8879a5-b713-317f-8b8c-5bc1e4e78c4b,145f62de-f84e-36e3-ac20-acdcffe3c0bd,Talisha682 Haley279,F,GENERAL PRACTICE,9100 WILSHIRE BLVD,BEVERLY HILLS,CA,90212-3562,34.079229999999995,-118.402437,43
f2be1713-b950-3736-97a6-432144888383,f5e9810d-1cee-3f4e-b690-a9f37701a8ea,Fritz267 Graham902,M,GENERAL PRACTICE,13085 JULIAN DR,DESERT HOT SPRINGS,CA,92240-5768,33.930867,-116.508045,43
bd1d0121-f4a1-3ce5-a22e-4468b2ceca97,bef64478-d6db-32ec-b275-011ceccfc23c,Georgeann302 VonRueden376,F,GENERAL PRACTICE,3700 PARK PL,MONTROSE,CA,91020-1623,34.233016,-118.235774,21
fba44417-88c9-38b4-9777-4d70bf157329,3b92a1fa-92b1-3305-b7f2-8ff6a2f5aa96,Ana Luisa894 Carrasquillo418,F,GENERAL PRACTICE,851 FREMONT AVE,LOS ALTOS,CA,94024-5602,37.368524,-122.096649,30
4159da29-228c-3017-908a-086945c54c70,47e9c831-88c2-375e-aa43-f1aee9ece34a,Juan88 Bustamante966,M,GENERAL PRACTICE,10 CONGRESS ST,PASADENA,CA,91105-3023,34.171239,-118.149899,17
2bd30684-60c3-3e2c-8352-9bd9fb3b8d09,c4cb29ce-f09d-3c7f-b875-30dd58f0e5a2,Marcellus830 Homenick806,M,GENERAL PRACTICE,891 SUNSET DR,HOLLISTER,CA,95023-5601,36.840425,-121.35605,34
e65c9897-e020-39e7-bc1a-4ca3954e866a,04370768-c137-381c-bf02-4cb7d2068d81,Gustavo235 Melgar516,M,GENERAL PRACTICE,300 PASTEUR DR,STANFORD,CA,94305-2200,37.425965000000005,-122.16721799999999,25
1aee1033-ecc5-3a1e-b44c-b0fff2781429,0f89465b-10aa-3f8c-a083-102533dd667f,Darrel772 Ratke343,M,GENERAL PRACTICE,2400 E 4 ST,NATIONAL CITY,CA,91950-2026,32.665862,-117.097361,69
49b17930-a18a-30b1-a31f-1e1587092c98,19a8f563-a235-34a7-a384-3605f4f46e18,Susana117 Archuleta517,F,GENERAL PRACTICE,45 RIVER PARK PLACE W,FRESNA,CA,93720-1565,36.782674,-119.794492,47
25a266d4-14e6-3f3a-a39f-cff988ac9e26,e8c9aad2-3048-3cac-90d2-3ba1a61dc58e,Benedict104 Pacocha935,M,GENERAL PRACTICE,183 E 8TH AVE,CHICO,CA,95926-2341,39.769492,-121.92933700000002,36
4877d8f8-ecc5-3612-92de-0120b2f995fb,47fb4dc9-c5e8-3305-b303-9404d7b8df0a,Dreama246 Schroeder447,F,GENERAL PRACTICE,5630 E SANTA ANA CANYON RD,ANAHEIM,CA,92807-3122,33.855497,-117.760071,40
a43eaf82-041a-3734-8b37-58dd7e9338b5,08b5702c-4e6b-32f0-b998-a1cff9de3dda,Camie739 Dickens475,F,GENERAL PRACTICE,845 E WILLOW ST,SIGNAL HILL,CA,90755-2736,33.803447999999996,-118.168135,21
fadfb235-4e39-3c7e-8d63-9a71bd9b234a,6ef56129-78df-3145-830f-40f0a02bcb4c,Ashley34 McClure239,M,GENERAL PRACTICE,395 HICKEY BLVD,DALY CITY,CA,94015-2770,37.700941,-122.464978,56
278f5ee7-b385-3f78-b26a-a25ba4e5d7aa,f1600500-af49-3079-828c-b00af436b72a,Mónica985 Campos61,F,GENERAL PRACTICE,200 MUIR RD,MARTINEZ,CA,94553-4614,37.999635,-122.11390300000001,26
219a75e2-3a54-3aa4-919c-d0e0ba8da512,840d9d4c-4fab-3719-bae4-ea13c6049772,Dottie687 Gibson10,F,GENERAL PRACTICE,25455 MEDICAL CTR DR,MURRIETA,CA,92562-5963,33.535723,-117.10939199999999,16
7086c026-e37f-3080-8964-5f52840f79e7,d1ab34c3-bea4-3bc1-9562-6db2a9d58878,Shea825 Keebler762,F,GENERAL PRACTICE,15 BESHIEM LN,WALNUT CREEK,CA,94595-3852,37.902665999999996,-122.040479,46
e91f9aaf-1715-394a-8513-507fdb830eeb,d771a152-6e89-332f-8056-1cea17d3ea38,Willian804 Hessel84,M,GENERAL PRACTICE,12560 PALM DRIVE,DESERT HOT SPRINGS,CA,92240,33.9572864,-116.5008349,3
07f30d36-c444-3644-8b9f-d1821027ff95,0ba5e630-b0cf-3d7c-bba4-f6c8e9abf6a9,George991 Mante251,M,GENERAL PRACTICE,720 20TH STREET,SAN FRANCISCO,CA,94107,37.7606545,-122.3892082,3
6591c9b1-6ebe-331c-bb6e-86775256244c,0f6682cd-437d-31e7-b807-2e9e0cabf2b2,Jeffrey461 Harber290,M,GENERAL PRACTICE,58471 29 PALMS HIGHWAY,YUCCA VALLEY,CA,92284,34.1324849,-116.3879786,2
6f76fd17-bc3d-39f0-aa33-91a85fbc595f,bbeae8f2-22a8-3db6-a508-f43a5075a582,Nam74 Wunsch504,F,GENERAL PRACTICE,4305 TORRANCE BOULEVARD,TORRANCE,CA,90503,33.8379823,-118.3592775,2
de3674e1-da17-394a-81f3-ca14e1854e98,27723992-3ca8-3bf8-a15d-8fc422479a36,Mozelle144 Botsford977,F,GENERAL PRACTICE,3434 MIDWAY DRIVE,SAN DIEGO,CA,92110,32.7510067,-117.212404,3
f9506087-ec0d-31c5-badc-f9c9b9d036ba,60b05eb9-9a84-3d94-81a0-629cac9598f2,Carlota980 Ramos754,F,GENERAL PRACTICE,801 CHEVY CHASE DRIVE,GLENDALE,CA,91205,34.1366806,-118.2404229,4
27ebd760-fc94-368c-84ad-7225698a75f7,f18bc2a8-3617-3d50-94cd-7bc08a1c6a8f,Lucas404 Pagan507,M,GENERAL PRACTICE,14150 CULVER DRIVE,IRVINE,CA,92604,33.7076675,-117.783001,1
b3fb0873-4702-3652-b0a4-8354dae552e7,2b685f4b-6a63-3b7a-8c72-c11b86ec2c7d,Margarita164 Garay400,F,GENERAL PRACTICE,840 TOWNSITE DRIVE,VISTA,CA,92084,33.2094008,-117.2340157,1
f582cd4c-48d0-3ad5-b9f2-358fb8ce0dca,889a5b18-e546-37d1-acd8-5c62948ee6d0,Muriel394 Lockman863,F,GENERAL PRACTICE,41120 WASHINGTON STREET,BERMUDA DUNES,CA,92203,33.7503201,-116.3032103,2
0ab14921-850e-3828-927c-cb1c6e911cba,ba57e30a-306b-3103-bd80-b6cd6dc9a18f,Latarsha812 Turcotte120,F,GENERAL PRACTICE,7265 NORTH FIRST STREET,FRESNO,CA,93720,36.842448,-119.7767125,2
6c5601ae-6d5f-3544-a8e1-4849f723163d,3dc3deb3-5a65-3d52-a54d-abc7d7050cc8,Rodrick370 Nolan344,M,GENERAL PRACTICE,525 3RD AVENUE,CHULA VISTA,CA,91910,32.6337857,-117.0765411,3
236f69b3-295b-30d9-b18d-a0735954e410,20e411c7-7945-350f-a3eb-7f3b14b2cb29,Lorenzo669 Rascón630,M,GENERAL PRACTICE,2025 EAST STATE ROUTE 66,GLENDORA,CA,91740,34.1282998,-117.8254856,1
c0488761-9605-326d-a768-01310b0970eb,05a0bc66-b95e-3301-a03f-e31c67358ed2,Hobert364 White193,M,GENERAL PRACTICE,2 CONNECTICUT STREET,SAN FRANCISCO,CA,94107,37.7660742,-122.398187,6
a4d03d55-98b2-370f-8ed8-498c20478cb8,3c72199c-acb3-3053-973c-a42d7f6c8979,Viki353 Mayer370,F,GENERAL PRACTICE,48677 VICTORIA LANE,OAKHURST,CA,93644,37.3279261,-119.65994,3
5b2baaf8-589f-34c2-bc8e-15a26f434dba,aa7203c8-662f-3d73-a125-66af74eb5b97,Óscar156 Solorio55,M,GENERAL PRACTICE,551 MCCRAY STREET,HOLLISTER,CA,95023,36.850743,-121.3976017,7
1986c10e-3528-364c-9aed-a079fa6b3ed0,c318cfe2-406b-3ee0-b099-d02c7f4500d7,Julio César525 Olivárez848,M,GENERAL PRACTICE,600 NUT TREE ROAD,VACAVILLE,CA,95687,38.3613564,-121.949246,1
c6f6c265-dfa8-3041-a2c4-c57d29eae715,17c49dcc-ee1a-32f2-8a17-8db66064ad89,Santana368 Koepp521,F,GENERAL PRACTICE,5475 EAST LA PALMA AVENUE,ANAHEIM,CA,92807,33.8605062,-117.7959865,1
ade4044d-efb3-3224-84b1-8a28877fb0be,9b9f2c8e-de92-32b7-977c-175bd26222f2,Toby274 Kilback373,M,GENERAL PRACTICE,634 WALNUT AVENUE,GREENFIELD,CA,93927,36.3296801,-121.2466187,1
70f8e725-80c7-3d4c-b4ec-32ae43219ee4,513b96e3-da68-3a45-8478-60862ec10432,Charlsie105 Bauch723,F,GENERAL PRACTICE,26 CENTERPOINTE DRIVE,LA PALMA,CA,90623,33.8605256,-118.0324878,3
26031830-4038-3b23-8d90-03a6bda51435,0706b939-1039-35f1-89d8-bb0965972b49,Mel236 Batz141,M,GENERAL PRACTICE,4305 UNIVERSITY AVENUE,SAN DIEGO,CA,92105,32.7493732,-117.1015468,2
b84850a2-1a5d-3c08-af4e-e71512069c0c,cf8a9d8b-ab71-3646-8688-e367c3a02895,Jordan900 Ankunding277,F,GENERAL PRACTICE,4000 CIVIC CENTER DRIVE,SAN RAFAEL,CA,94903,38.0044115,-122.5380789,1
67cc3600-cf33-3bd5-aa1e-081a697183b8,adf52c8c-7fef-3ce2-90ac-bb5f81632942,Devin82 Wiza601,M,GENERAL PRACTICE,2970 HILLTOP MALL ROAD,RICHMOND,CA,94806,37.9775573,-122.3292602,1
a87dd560-216b-37e9-85f9-d1c89e7a5968,3fe5339d-f967-32c8-bb30-e67fb5cde1f3,Alicia629 Arriaga291,F,GENERAL PRACTICE,1028 NORTH LAKE AVENUE,PASADENA,CA,91104,34.1637414,-118.1317955,4
1e56bc08-ea52-317c-b5a8-f6cc19867f2d,b9a62dbb-2c26-35a8-88e8-545a8947f536,Julieta402 Schiller186,F,GENERAL PRACTICE,112 LA CASA VIA,WALNUT CREEK,CA,94598,37.9123848,-122.0430075,2
19e7f034-1894-3802-9643-5b20c5ce7aa7,7904dcbc-91da-39c3-9fdf-607c5e93d82d,Louann705 Williamson769,F,GENERAL PRACTICE,508A 14TH STREET,SAN FRANCISCO,CA,94103,37.7680905,-122.4246405,6
635f2830-942b-3f82-af2b-ef8c1beef6da,f44ca47a-d57a-32e8-90ef-1ef72c6b6753,Jeffrey461 Hahn503,F,GENERAL PRACTICE,425 GREGORY LANE,PLEASANT HILL,CA,94523,37.9482874,-122.0740877,3
d63bb6ef-98e2-320a-8c0a-5be6497e47c2,8e98b961-f466-31e2-8985-99b6d5a585f9,Jerald662 Bashirian201,M,GENERAL PRACTICE,670 RIO LINDO AVENUE,CHICO,CA,95926,39.7534802,-121.847357,1
85794ac1-3f92-30e6-9cc4-dbcce61fbdb8,9b9c458a-576f-3f22-a848-f6e38a1793fd,Bennett146 Wunsch504,M,GENERAL PRACTICE,701 EAST EL CAMINO REAL,MOUNTAIN VIEW,CA,94040,37.3765587,-122.064609,1
a96ea694-c491-342e-85bb-daffb82071e3,3b20251c-7088-3baf-bcf1-b5a853d4e978,Cherelle538 Jast432,F,GENERAL PRACTICE,12660 RIVERSIDE DRIVE,VALLEY VILLAGE,CA,91607,34.1572854,-118.4094668,1
81b9d723-e043-3ae1-a1b1-0634173539f5,8ba69610-ef5d-30d4-991f-14d4a7048a86,Silvia880 Luna60,F,GENERAL PRACTICE,14282 AMAR ROAD,LA PUENTE,CA,91746,34.0486211,-117.9685267,8
24b8b4b5-9191-3655-b640-6440dff8262a,b7dcb092-8097-3db2-8b69-3e0bda860478,Ezekiel373 Windler79,M,GENERAL PRACTICE,22840 SOLEDAD CANYON ROAD,SAUGUS,CA,91350,34.4216358,-118.5364881,2
28a63de5-e5b9-37d6-93c0-0c48a38e3063,8351d5e9-a6c1-3f8c-b663-8262627fee4e,Pasquale620 Steuber698,M,GENERAL PRACTICE,795 EL CAMINO REAL,PALO ALTO,CA,94301,37.4401736,-122.1611751,4
581d4f0e-5861-3813-a14e-5a2832f6f810,f7fee3ef-8557-3f92-83c3-43792c9a3166,Nickolas58 Bernhard322,M,GENERAL PRACTICE,6485 DAY STREET,RIVERSIDE,CA,92507,33.9318402,-117.2794755,4
22d192c9-eff4-3137-b67b-07772b00ded3,dcbda8b8-ce70-3ad6-9bb2-82bdec45d6e8,Blondell454 Lubowitz58,F,GENERAL PRACTICE,6520 NORTH IRWINDALE AVENUE,IRWINDALE,CA,91702,34.1314835,-117.933196,1
9f6c8d7a-cfce-340c-a09b-cd1f0c151414,9d005805-2374-34fb-af99-5f9dcf48034c,Josef103 Metz686,M,GENERAL PRACTICE,599 INLAND CENTER DRIVE,SAN BERNARDINO,CA,92408,34.0902544,-117.2954158,2
3df5c371-148f-3168-a3aa-1fd4c31d5e31,b19a1fbf-9ba0-3048-8843-575cecf925f3,Janene3 Casper496,F,GENERAL PRACTICE,333 GELLERT BOULEVARD  SUITE 249,DALY CITY,CA,94015,37.700941,-122.464978,19
c0ba5b81-9c69-3583-b568-08f90a0a4b08,df7c7138-85f2-3b05-91eb-317dbf182f94,María Elena653 Zúñiga630,F,GENERAL PRACTICE,1615 SWEETWATER ROAD  SUITE 1,NATIONAL CITY,CA,91950,32.665862,-117.097361,19
32c6cbf3-563e-3da0-a708-9378b04410e8,154aa778-612a-3213-8c95-16eb95386af5,Colby655 Boyle917,M,GENERAL PRACTICE,363 ACADEMY AVE,BISHOP,CA,93514,37.33158,-118.409905,9
5d455265-bf2d-3287-a4c5-5fd3b5fbab53,9a90448a-b8fd-358a-97e1-c0cd07a7a8ed,Wilhelmina724 Weber641,F,GENERAL PRACTICE,1289 BILLE ROAD,PARADISE,CA,95969,39.881381,-121.622101,1
caff0e63-1726-31c7-a85e-51287796e500,a3c7fcca-e6e0-3f4f-9594-4363be8c77ce,Sanjuanita786 Hills818,F,GENERAL PRACTICE,8881 FLETCHER PARKWAY STE 336,LA MESA,CA,91942,32.769495,-117.021923,1
d010e77f-8ad7-35c6-9e3a-9880959451b5,2e5ba010-1d5b-3a44-9027-cef27c288c98,Zachary28 Littel644,M,GENERAL PRACTICE,36947 COOK STREET  BUILDING 10  SUITE 102,PALM DESERT,CA,92211,33.738363,-116.363619,1
99bcd71a-5800-3ee8-8afb-2de10ebbbc5c,9a4b8a1b-c438-315f-afcf-32d8477c94c1,Jarod376 Price929,M,GENERAL PRACTICE,455 HICKEY BOULEVARD  STE 505 A,DALY CITY,CA,94015,37.700941,-122.464978,2
e2a90603-d6a8-3d03-977c-f471491cf3a0,84aa114a-c1b9-3d40-929f-eb098ef613ff,Colby655 Rowe323,M,GENERAL PRACTICE,12385 E. WASHINGTON BLVD,WHITTIER,CA,90606,33.966827,-118.020122,1
1dfb747d-99b9-3aff-9b47-5aeb0bcdc41e,7bcf18d5-577e-37ec-8d35-3752629de054,Keith571 Grady603,M,GENERAL PRACTICE,501 VIA CASITAS,GREENBRAE,CA,94904,38.012036,-122.587605,2
09d9285f-5a20-3d12-b576-4734e007fd66,36f5038b-6804-314b-add6-2401847cf625,Gabriela205 Casillas702,F,GENERAL PRACTICE,41-505 CARLOTTA DRIVE,PALM DESERT,CA,92211,33.738363,-116.363619,1
16abe171-debf-32c6-ba86-a002d4d480ec,82a8ed28-105e-30a0-8d21-daf88057f74f,Sol312 Windler79,M,GENERAL PRACTICE,35 ESCUELA DRIVE,DALY CITY,CA,94015,37.700941,-122.464978,2
e5079ba6-f7a3-3cde-97fb-9e303fe724c7,4a4a7b52-7372-3098-b5c2-9e83bb343845,Micaela928 Juárez383,F,GENERAL PRACTICE,911 SUNSET DRIVE,HOLLISTER,CA,95023,36.840425,-121.35605,3
3397f99a-9741-3f44-8021-f97d2b4d7dc4,ec365f98-07b3-38f0-a8b8-7fcc1fb22a64,Karena692 Wiza601,F,GENERAL PRACTICE,1889 NATIONAL CITY BLVD.,NATIONAL CITY,CA,91950,32.665862,-117.097361,3
4fd96bf9-3e12-34ea-9157-ceca85fe9cd3,ed2ab6f0-4319-3ccf-b143-8f2d82c96f50,Diego848 Huel628,M,GENERAL PRACTICE,1428 S. MARENGO AVE.,ALHAMBRA,CA,91803,37.96865800000001,-122.136326,3
e0cdb4d1-777f-3764-9ea7-5859e35a1822,b3fec90e-1c06-3757-84b1-c1388620232e,Raymundo71 Kulas532,M,GENERAL PRACTICE,525 SOUTH CENTRAL AVENUE,GLENDALE,CA,91204,34.181393,-118.24583,1
e1cb910e-4323-3418-9044-d13303059518,7c357162-0a0c-34c9-9e33-03b98e55949c,Hoa730 Parisian75,F,GENERAL PRACTICE,99 ESCUELA DRIVE,DALY CITY,CA,94015,37.700941,-122.464978,1
8520e975-dcf6-36d4-b833-89b4f61747dd,5580af27-4da5-3b81-8bd5-ff134f2c35fa,Ashly243 Jakubowski832,F,GENERAL PRACTICE,27600 ENCANTO DRIVE,SUN CITY,CA,92586,38.207303,-122.029667,1
40fb26c7-ca23-3207-9203-28ae4bcc8a5b,87a4ee19-ea65-389e-b6e6-9d083990e3e3,Trent525 Corkery305,M,GENERAL PRACTICE,21414 S. VERMONT AVENUE,TORRANCE,CA,90502,33.83045300000001,-118.356618,1
c1fe67ef-e598-3313-bcc3-71f795565265,67d0aec1-d6e8-3403-8a07-9a83d159d999,Jeromy156 Koss676,M,GENERAL PRACTICE,751 MEDICAL CENTER COURT,CHULA VISTA,CA,91911,32.62767,-117.01517,1
a9b80994-8590-3078-acb8-fd287ffdb8a8,e36703e7-2db2-3fba-9993-23fe2ca33f32,Mamie949 Ortiz186,F,GENERAL PRACTICE,14662 NEWPORT AVENUE,TUSTIN,CA,92780,33.73085,-117.810735,1
dfeeb76d-0cfe-31a6-b488-02bceaf7993a,49fe1776-60c5-3c24-9baa-bcd11d6511a7,Angelica442 Runolfsson901,F,GENERAL PRACTICE,8781 LAKEVIEW AVENUE,RIVERSIDE,CA,92509,33.937109,-117.324964,1
bb0c32b0-d21c-32d1-a75e-0722f3154f68,41671af5-aca1-389b-ab54-8e35bd0ce6bb,Raymundo71 Schumm995,M,GENERAL PRACTICE,925 W. ALAMEDA AVE.,BURBANK,CA,91506,34.188986,-118.324866,1
6861a029-d672-3f1f-b8c9-18f72ee2592a,22fbf5ab-b5e4-3bc4-8c8d-9825cf4ed532,Carmen818 Ramón841,F,GENERAL PRACTICE,875 N BREA BLVD,BREA,CA,92821,33.924523,-117.865201,1
8777d953-aa04-3392-98dd-9f045265b73a,ad4b863c-50e5-3387-a94c-7665f2ed76ae,Damon455 Mayert710,M,GENERAL PRACTICE,331 ILENE STREET,MARTINEZ,CA,94553,37.999635,-122.113903,5
